{
    "etwe": {
        "extrinsic": [
            [
                -0.9819484949111938,
                0.16645707190036774,
                0.08982978016138077,
                -0.14233537018299103
            ],
            [
                -0.036446668207645416,
                0.299504816532135,
                -0.9533987045288086,
                -0.2561028301715851
            ],
            [
                -0.18560470640659332,
                -0.9394623041152954,
                -0.28803154826164246,
                15.20149040222168
            ],
            [
                0.0,
                0.0,
                0.0,
                1.0
            ]
        ],
        "intrin_scale": 1
    }
}