{
    "cam_0": {
        "extrinsic": [
            [
                -0.9891847968101501,
                -0.13964490592479706,
                -0.04486297070980072,
                -0.0006986307562328875
            ],
            [
                -0.04486319050192833,
                0.5792677998542786,
                -0.8139018416404724,
                0.002899782033637166
            ],
            [
                0.13964501023292542,
                -0.803086519241333,
                -0.5792678594589233,
                29.491540908813477
            ],
            [
                0.0,
                0.0,
                0.0,
                1.0
            ]
        ],
        "intrin_scale": 1
    },
    "cam_1_manual": {
        "extrinsic": [
            [
                -0.7876335978507996,
                -0.5783101916313171,
                -0.2125810831785202,
                -0.002891526324674487
            ],
            [
                -0.24142047762870789,
                0.6070951223373413,
                -0.7570677995681763,
                0.0030354498885571957
            ],
            [
                0.5668770670890808,
                -0.5449706315994263,
                -0.6177844405174255,
                29.492834091186523
            ],
            [
                0.0,
                0.0,
                0.0,
                1.0
            ]
        ],
        "intrin_scale": 1
    }
}